# ************************************************************
# Sequel Ace SQL dump
# Version 20046
#
# https://sequel-ace.com/
# https://github.com/Sequel-Ace/Sequel-Ace
#
# Host: 127.0.0.1 (MySQL 8.0.32)
# Database: subs_prod
# Generation Time: 2023-05-21 21:34:09 +0000
# ************************************************************


/*!40101 SET @OLD_CHARACTER_SET_CLIENT=@@CHARACTER_SET_CLIENT */;
/*!40101 SET @OLD_CHARACTER_SET_RESULTS=@@CHARACTER_SET_RESULTS */;
/*!40101 SET @OLD_COLLATION_CONNECTION=@@COLLATION_CONNECTION */;
SET NAMES utf8mb4;
/*!40014 SET @OLD_FOREIGN_KEY_CHECKS=@@FOREIGN_KEY_CHECKS, FOREIGN_KEY_CHECKS=0 */;
/*!40101 SET @OLD_SQL_MODE='NO_AUTO_VALUE_ON_ZERO', SQL_MODE='NO_AUTO_VALUE_ON_ZERO' */;
/*!40111 SET @OLD_SQL_NOTES=@@SQL_NOTES, SQL_NOTES=0 */;


# Dump of table products
# ------------------------------------------------------------

DROP TABLE IF EXISTS `products`;

CREATE TABLE `products` (
  `id` varchar(32) NOT NULL,
  `name` varchar(100) DEFAULT NULL,
  `description` longtext,
  `tax_rate` double(30,2) DEFAULT NULL,
  `created_at` datetime(3) DEFAULT NULL,
  `updated_at` datetime(3) DEFAULT NULL,
  `deleted_at` datetime(3) DEFAULT NULL,
  PRIMARY KEY (`id`),
  UNIQUE KEY `name` (`name`),
  KEY `idx_products_deleted_at` (`deleted_at`)
) ENGINE=InnoDB DEFAULT CHARSET=utf8mb4 COLLATE=utf8mb4_0900_ai_ci;

LOCK TABLES `products` WRITE;
/*!40000 ALTER TABLE `products` DISABLE KEYS */;

INSERT INTO `products` (`id`, `name`, `description`, `tax_rate`, `created_at`, `updated_at`, `deleted_at`)
VALUES
	('646a8c4f0220f4122107651a','Chimay Grande Réserve','benchmark',26.42,'2023-05-21 23:25:35.592','2023-05-21 23:25:35.593',NULL),
	('646a8c4f0220f41221076520','Dreadnaught IPA','applications',39.77,'2023-05-21 23:25:35.600','2023-05-21 23:25:35.600',NULL),
	('646a8c4f0220f41221076526','Westmalle Trappist Tripel','holistic',35.20,'2023-05-21 23:25:35.605','2023-05-21 23:25:35.605',NULL),
	('646a8c4f0220f4122107652c','Schneider Aventinus','visualize',28.35,'2023-05-21 23:25:35.609','2023-05-21 23:25:35.609',NULL),
	('646a8c4f0220f41221076532','Maharaj','incentivize',32.59,'2023-05-21 23:25:35.614','2023-05-21 23:25:35.614',NULL),
	('646a8c4f0220f41221076538','Celebrator Doppelbock','e-commerce',22.09,'2023-05-21 23:25:35.619','2023-05-21 23:25:35.619',NULL),
	('646a8c4f0220f4122107653e','Sierra Nevada Celebration Ale','enhance',35.61,'2023-05-21 23:25:35.623','2023-05-21 23:25:35.623',NULL),
	('646a8c4f0220f41221076544','Trois Pistoles','networks',21.45,'2023-05-21 23:25:35.628','2023-05-21 23:25:35.628',NULL),
	('646a8c4f0220f4122107654a','Founders Breakfast Stout','whiteboard',29.69,'2023-05-21 23:25:35.631','2023-05-21 23:25:35.631',NULL),
	('646a8c4f0220f41221076550','Bourbon County Stout','eyeballs',27.78,'2023-05-21 23:25:35.635','2023-05-21 23:25:35.635',NULL);

/*!40000 ALTER TABLE `products` ENABLE KEYS */;
UNLOCK TABLES;


# Dump of table subscription_plans
# ------------------------------------------------------------

DROP TABLE IF EXISTS `subscription_plans`;

CREATE TABLE `subscription_plans` (
  `id` varchar(32) NOT NULL,
  `product_id` varchar(32) DEFAULT NULL,
  `amount` double(30,2) DEFAULT NULL,
  `duration` bigint unsigned DEFAULT NULL,
  `trial_duration` bigint unsigned DEFAULT NULL,
  `created_at` datetime(3) DEFAULT NULL,
  `updated_at` datetime(3) DEFAULT NULL,
  `deleted_at` datetime(3) DEFAULT NULL,
  PRIMARY KEY (`id`),
  KEY `idx_subscription_plans_deleted_at` (`deleted_at`)
) ENGINE=InnoDB DEFAULT CHARSET=utf8mb4 COLLATE=utf8mb4_0900_ai_ci;

LOCK TABLES `subscription_plans` WRITE;
/*!40000 ALTER TABLE `subscription_plans` DISABLE KEYS */;

INSERT INTO `subscription_plans` (`id`, `product_id`, `amount`, `duration`, `trial_duration`, `created_at`, `updated_at`, `deleted_at`)
VALUES
	('646a8c4f0220f4122107651b','646a8c4f0220f4122107651a',1184.27,4,0,'2023-05-21 23:25:35.594','2023-05-21 23:25:35.594',NULL),
	('646a8c4f0220f4122107651c','646a8c4f0220f4122107651a',1001.52,3,0,'2023-05-21 23:25:35.596','2023-05-21 23:25:35.596',NULL),
	('646a8c4f0220f41221076521','646a8c4f0220f41221076520',1393.62,5,0,'2023-05-21 23:25:35.601','2023-05-21 23:25:35.601',NULL),
	('646a8c4f0220f41221076522','646a8c4f0220f41221076520',1972.88,5,0,'2023-05-21 23:25:35.602','2023-05-21 23:25:35.602',NULL),
	('646a8c4f0220f41221076527','646a8c4f0220f41221076526',1997.27,4,1,'2023-05-21 23:25:35.605','2023-05-21 23:25:35.605',NULL),
	('646a8c4f0220f41221076528','646a8c4f0220f41221076526',1234.22,5,0,'2023-05-21 23:25:35.606','2023-05-21 23:25:35.606',NULL),
	('646a8c4f0220f4122107652d','646a8c4f0220f4122107652c',1674.95,4,0,'2023-05-21 23:25:35.610','2023-05-21 23:25:35.610',NULL),
	('646a8c4f0220f4122107652e','646a8c4f0220f4122107652c',1923.14,5,1,'2023-05-21 23:25:35.611','2023-05-21 23:25:35.611',NULL),
	('646a8c4f0220f41221076533','646a8c4f0220f41221076532',1411.83,3,1,'2023-05-21 23:25:35.615','2023-05-21 23:25:35.615',NULL),
	('646a8c4f0220f41221076534','646a8c4f0220f41221076532',1473.69,4,1,'2023-05-21 23:25:35.616','2023-05-21 23:25:35.616',NULL),
	('646a8c4f0220f41221076539','646a8c4f0220f41221076538',1977.00,5,0,'2023-05-21 23:25:35.620','2023-05-21 23:25:35.620',NULL),
	('646a8c4f0220f4122107653a','646a8c4f0220f41221076538',1419.56,3,0,'2023-05-21 23:25:35.620','2023-05-21 23:25:35.620',NULL),
	('646a8c4f0220f4122107653f','646a8c4f0220f4122107653e',1774.81,3,1,'2023-05-21 23:25:35.624','2023-05-21 23:25:35.624',NULL),
	('646a8c4f0220f41221076540','646a8c4f0220f4122107653e',1425.74,3,1,'2023-05-21 23:25:35.625','2023-05-21 23:25:35.625',NULL),
	('646a8c4f0220f41221076545','646a8c4f0220f41221076544',1714.92,3,1,'2023-05-21 23:25:35.628','2023-05-21 23:25:35.629',NULL),
	('646a8c4f0220f41221076546','646a8c4f0220f41221076544',1478.40,5,0,'2023-05-21 23:25:35.629','2023-05-21 23:25:35.629',NULL),
	('646a8c4f0220f4122107654b','646a8c4f0220f4122107654a',1392.35,4,0,'2023-05-21 23:25:35.632','2023-05-21 23:25:35.632',NULL),
	('646a8c4f0220f4122107654c','646a8c4f0220f4122107654a',1203.17,4,0,'2023-05-21 23:25:35.632','2023-05-21 23:25:35.632',NULL);

/*!40000 ALTER TABLE `subscription_plans` ENABLE KEYS */;
UNLOCK TABLES;


# Dump of table subscriptions
# ------------------------------------------------------------

DROP TABLE IF EXISTS `subscriptions`;

CREATE TABLE `subscriptions` (
  `id` varchar(32) NOT NULL,
  `user_id` varchar(100) NOT NULL,
  `product_id` varchar(100) NOT NULL,
  `subscription_plan_id` varchar(100) NOT NULL,
  `voucher_id` varchar(100) NOT NULL,
  `duration` bigint unsigned DEFAULT NULL,
  `amount` double(30,2) DEFAULT NULL,
  `discount` double(30,2) DEFAULT NULL,
  `tax` double(30,2) DEFAULT NULL,
  `total` double(30,2) DEFAULT NULL,
  `trial_period` bigint unsigned DEFAULT NULL,
  `status` bigint DEFAULT NULL,
  `created_at` datetime(3) DEFAULT NULL,
  `updated_at` datetime(3) DEFAULT NULL,
  `deleted_at` datetime(3) DEFAULT NULL,
  PRIMARY KEY (`id`,`user_id`,`product_id`,`subscription_plan_id`,`voucher_id`),
  KEY `idx_subscriptions_deleted_at` (`deleted_at`)
) ENGINE=InnoDB DEFAULT CHARSET=utf8mb4 COLLATE=utf8mb4_0900_ai_ci;

LOCK TABLES `subscriptions` WRITE;
/*!40000 ALTER TABLE `subscriptions` DISABLE KEYS */;

INSERT INTO `subscriptions` (`id`, `user_id`, `product_id`, `subscription_plan_id`, `voucher_id`, `duration`, `amount`, `discount`, `tax`, `total`, `trial_period`, `status`, `created_at`, `updated_at`, `deleted_at`)
VALUES
	('646a8cc37e31426e275edeb4','6ec387c5-8f16-4641-821b-1c1ff4f39282','646a8c4f0220f41221076550','646a8c4f0220f41221076551','646a8c4f0220f41221076555',5,1009.91,151.49,238.47,1096.89,1,1,'2023-05-21 23:27:31.105','2023-05-21 23:28:43.336',NULL),
	('646a8d577e31426e275edeb5','6ec387c5-8f16-4641-821b-1c1ff4f39282','646a8c4f0220f41221076550','646a8c4f0220f41221076552','646a8c4f0220f41221076555',4,1881.49,282.22,444.28,2043.54,0,1,'2023-05-21 23:29:59.452','2023-05-21 23:31:00.739',NULL);

/*!40000 ALTER TABLE `subscriptions` ENABLE KEYS */;
UNLOCK TABLES;


# Dump of table users
# ------------------------------------------------------------

DROP TABLE IF EXISTS `users`;

CREATE TABLE `users` (
  `id` varchar(100) NOT NULL,
  `email` varchar(100) DEFAULT NULL,
  `user_type` longtext,
  `name` longtext,
  `password` longtext,
  `created_at` datetime(3) DEFAULT NULL,
  `updated_at` datetime(3) DEFAULT NULL,
  `deleted_at` datetime(3) DEFAULT NULL,
  PRIMARY KEY (`id`),
  UNIQUE KEY `idx_users_email` (`email`),
  KEY `idx_users_deleted_at` (`deleted_at`)
) ENGINE=InnoDB DEFAULT CHARSET=utf8mb4 COLLATE=utf8mb4_0900_ai_ci;

LOCK TABLES `users` WRITE;
/*!40000 ALTER TABLE `users` DISABLE KEYS */;

INSERT INTO `users` (`id`, `email`, `user_type`, `name`, `password`, `created_at`, `updated_at`, `deleted_at`)
VALUES
	('646a8c4f0220f41221076556','shanellerice@romaguera.net','admin','Elsie Osinski','$2a$14$E/Erg/DTTO2FNGE5Lf.4..rz4PBSEfGNQs700UOfhmmh/wqgB6J42','2023-05-21 23:25:35.642','2023-05-21 23:25:36.741',NULL),
	('646a8c500220f41221076557','haileethompson@bahringer.io','regular','Drake Hirthe','$2a$14$CdNmqY5pCwuJ2yyweecXz.knK1cpR299qnChHFo/PFDHiTblH5RPa','2023-05-21 23:25:36.745','2023-05-21 23:25:37.837',NULL),
	('646a8c510220f41221076558','hannahdaniel@koss.net','regular','Jefferey Deckow','$2a$14$fQDs7DvOwlBRnI0Kukd7ae/Bo1EGwxMMmnedaL8NYgOcJqcBh89NK','2023-05-21 23:25:37.840','2023-05-21 23:25:38.931',NULL),
	('646a8c520220f41221076559','ameliehessel@conroy.org','regular','Jacques Mante','$2a$14$4BE92iIYD.UUalrTzAUO7uBHTCnsIWVKp6FnEjE/jZMTcmc4JsTF6','2023-05-21 23:25:38.934','2023-05-21 23:25:40.025',NULL);

/*!40000 ALTER TABLE `users` ENABLE KEYS */;
UNLOCK TABLES;


# Dump of table vouchers
# ------------------------------------------------------------

DROP TABLE IF EXISTS `vouchers`;

CREATE TABLE `vouchers` (
  `id` varchar(32) NOT NULL,
  `voucher_type` bigint DEFAULT NULL,
  `product_id` varchar(32) DEFAULT NULL,
  `code` varchar(100) DEFAULT NULL,
  `active` tinyint(1) DEFAULT NULL,
  `percentage` double(30,2) DEFAULT NULL,
  `amount` double(30,2) DEFAULT NULL,
  `limit` bigint unsigned DEFAULT NULL,
  `expires_on` datetime(3) DEFAULT NULL,
  `created_at` datetime(3) DEFAULT NULL,
  `updated_at` datetime(3) DEFAULT NULL,
  `deleted_at` datetime(3) DEFAULT NULL,
  PRIMARY KEY (`id`),
  UNIQUE KEY `product_code` (`voucher_type`,`product_id`,`code`),
  KEY `idx_vouchers_deleted_at` (`deleted_at`)
) ENGINE=InnoDB DEFAULT CHARSET=utf8mb4 COLLATE=utf8mb4_0900_ai_ci;

LOCK TABLES `vouchers` WRITE;
/*!40000 ALTER TABLE `vouchers` DISABLE KEYS */;

INSERT INTO `vouchers` (`id`, `voucher_type`, `product_id`, `code`, `active`, `percentage`, `amount`, `limit`, `expires_on`, `created_at`, `updated_at`, `deleted_at`)
VALUES
	('646a8c4f0220f4122107651d',2,'646a8c4f0220f4122107651a','WELCOME_FIRST_100',1,0.00,200.00,100,'2023-05-24 23:25:35.597','2023-05-21 23:25:35.597','2023-05-21 23:25:35.597',NULL),
	('646a8c4f0220f4122107651e',1,'646a8c4f0220f4122107651a','WELCOME_FIRST_101',1,20.00,0.00,100,'2023-05-24 23:25:35.597','2023-05-21 23:25:35.598','2023-05-21 23:25:35.598',NULL),
	('646a8c4f0220f4122107651f',1,'646a8c4f0220f4122107651a','WELCOME_STAFF_ONLY',1,15.00,0.00,30,'2023-05-24 23:25:35.597','2023-05-21 23:25:35.599','2023-05-21 23:25:35.599',NULL),
	('646a8c4f0220f41221076523',2,'646a8c4f0220f41221076520','WELCOME_FIRST_100',1,0.00,200.00,100,'2023-05-24 23:25:35.602','2023-05-21 23:25:35.602','2023-05-21 23:25:35.603',NULL),
	('646a8c4f0220f41221076524',1,'646a8c4f0220f41221076520','WELCOME_FIRST_101',1,20.00,0.00,100,'2023-05-24 23:25:35.602','2023-05-21 23:25:35.603','2023-05-21 23:25:35.603',NULL),
	('646a8c4f0220f41221076525',1,'646a8c4f0220f41221076520','WELCOME_STAFF_ONLY',1,15.00,0.00,30,'2023-05-24 23:25:35.602','2023-05-21 23:25:35.604','2023-05-21 23:25:35.604',NULL),
	('646a8c4f0220f41221076529',2,'646a8c4f0220f41221076526','WELCOME_FIRST_100',1,0.00,200.00,100,'2023-05-24 23:25:35.607','2023-05-21 23:25:35.607','2023-05-21 23:25:35.607',NULL),
	('646a8c4f0220f4122107652a',1,'646a8c4f0220f41221076526','WELCOME_FIRST_101',1,20.00,0.00,100,'2023-05-24 23:25:35.607','2023-05-21 23:25:35.608','2023-05-21 23:25:35.608',NULL),
	('646a8c4f0220f4122107652b',1,'646a8c4f0220f41221076526','WELCOME_STAFF_ONLY',1,15.00,0.00,30,'2023-05-24 23:25:35.607','2023-05-21 23:25:35.609','2023-05-21 23:25:35.609',NULL),
	('646a8c4f0220f4122107652f',2,'646a8c4f0220f4122107652c','WELCOME_FIRST_100',1,0.00,200.00,100,'2023-05-24 23:25:35.612','2023-05-21 23:25:35.612','2023-05-21 23:25:35.612',NULL),
	('646a8c4f0220f41221076530',1,'646a8c4f0220f4122107652c','WELCOME_FIRST_101',1,20.00,0.00,100,'2023-05-24 23:25:35.612','2023-05-21 23:25:35.612','2023-05-21 23:25:35.613',NULL),
	('646a8c4f0220f41221076531',1,'646a8c4f0220f4122107652c','WELCOME_STAFF_ONLY',1,15.00,0.00,30,'2023-05-24 23:25:35.612','2023-05-21 23:25:35.613','2023-05-21 23:25:35.613',NULL),
	('646a8c4f0220f41221076535',2,'646a8c4f0220f41221076532','WELCOME_FIRST_100',1,0.00,200.00,100,'2023-05-24 23:25:35.617','2023-05-21 23:25:35.617','2023-05-21 23:25:35.617',NULL),
	('646a8c4f0220f41221076536',1,'646a8c4f0220f41221076532','WELCOME_FIRST_101',1,20.00,0.00,100,'2023-05-24 23:25:35.617','2023-05-21 23:25:35.617','2023-05-21 23:25:35.617',NULL),
	('646a8c4f0220f41221076537',1,'646a8c4f0220f41221076532','WELCOME_STAFF_ONLY',1,15.00,0.00,30,'2023-05-24 23:25:35.617','2023-05-21 23:25:35.618','2023-05-21 23:25:35.618',NULL),
	('646a8c4f0220f4122107653b',2,'646a8c4f0220f41221076538','WELCOME_FIRST_100',1,0.00,200.00,100,'2023-05-24 23:25:35.621','2023-05-21 23:25:35.621','2023-05-21 23:25:35.621',NULL),
	('646a8c4f0220f4122107653c',1,'646a8c4f0220f41221076538','WELCOME_FIRST_101',1,20.00,0.00,100,'2023-05-24 23:25:35.621','2023-05-21 23:25:35.622','2023-05-21 23:25:35.622',NULL),
	('646a8c4f0220f4122107653d',1,'646a8c4f0220f41221076538','WELCOME_STAFF_ONLY',1,15.00,0.00,30,'2023-05-24 23:25:35.621','2023-05-21 23:25:35.623','2023-05-21 23:25:35.623',NULL),
	('646a8c4f0220f41221076541',2,'646a8c4f0220f4122107653e','WELCOME_FIRST_100',1,0.00,200.00,100,'2023-05-24 23:25:35.626','2023-05-21 23:25:35.626','2023-05-21 23:25:35.626',NULL),
	('646a8c4f0220f41221076542',1,'646a8c4f0220f4122107653e','WELCOME_FIRST_101',1,20.00,0.00,100,'2023-05-24 23:25:35.626','2023-05-21 23:25:35.626','2023-05-21 23:25:35.626',NULL),
	('646a8c4f0220f41221076543',1,'646a8c4f0220f4122107653e','WELCOME_STAFF_ONLY',1,15.00,0.00,30,'2023-05-24 23:25:35.626','2023-05-21 23:25:35.627','2023-05-21 23:25:35.627',NULL),
	('646a8c4f0220f41221076547',2,'646a8c4f0220f41221076544','WELCOME_FIRST_100',1,0.00,200.00,100,'2023-05-24 23:25:35.630','2023-05-21 23:25:35.630','2023-05-21 23:25:35.630',NULL),
	('646a8c4f0220f41221076548',1,'646a8c4f0220f41221076544','WELCOME_FIRST_101',1,20.00,0.00,100,'2023-05-24 23:25:35.630','2023-05-21 23:25:35.630','2023-05-21 23:25:35.630',NULL),
	('646a8c4f0220f41221076549',1,'646a8c4f0220f41221076544','WELCOME_STAFF_ONLY',1,15.00,0.00,30,'2023-05-24 23:25:35.630','2023-05-21 23:25:35.631','2023-05-21 23:25:35.631',NULL),
	('646a8c4f0220f4122107654d',2,'646a8c4f0220f4122107654a','WELCOME_FIRST_100',1,0.00,200.00,100,'2023-05-24 23:25:35.633','2023-05-21 23:25:35.633','2023-05-21 23:25:35.633',NULL),
	('646a8c4f0220f4122107654e',1,'646a8c4f0220f4122107654a','WELCOME_FIRST_101',1,20.00,0.00,100,'2023-05-24 23:25:35.633','2023-05-21 23:25:35.633','2023-05-21 23:25:35.633',NULL),
	('646a8c4f0220f4122107654f',1,'646a8c4f0220f4122107654a','WELCOME_STAFF_ONLY',1,15.00,0.00,30,'2023-05-24 23:25:35.633','2023-05-21 23:25:35.634','2023-05-21 23:25:35.634',NULL),
	('646a8c4f0220f41221076553',2,'646a8c4f0220f41221076550','WELCOME_FIRST_100',1,0.00,200.00,100,'2023-05-24 23:25:35.636','2023-05-21 23:25:35.636','2023-05-21 23:25:35.636',NULL),
	('646a8c4f0220f41221076554',1,'646a8c4f0220f41221076550','WELCOME_FIRST_101',1,20.00,0.00,100,'2023-05-24 23:25:35.636','2023-05-21 23:25:35.637','2023-05-21 23:25:35.637',NULL),
	('646a8c4f0220f41221076555',1,'646a8c4f0220f41221076550','WELCOME_STAFF_ONLY',1,15.00,0.00,30,'2023-05-24 23:25:35.636','2023-05-21 23:25:35.637','2023-05-21 23:25:35.637',NULL);

/*!40000 ALTER TABLE `vouchers` ENABLE KEYS */;
UNLOCK TABLES;



/*!40111 SET SQL_NOTES=@OLD_SQL_NOTES */;
/*!40101 SET SQL_MODE=@OLD_SQL_MODE */;
/*!40014 SET FOREIGN_KEY_CHECKS=@OLD_FOREIGN_KEY_CHECKS */;
/*!40101 SET CHARACTER_SET_CLIENT=@OLD_CHARACTER_SET_CLIENT */;
/*!40101 SET CHARACTER_SET_RESULTS=@OLD_CHARACTER_SET_RESULTS */;
/*!40101 SET COLLATION_CONNECTION=@OLD_COLLATION_CONNECTION */;
